platform,campaign_id,date,headline,creative_type,target_audience,spend,impressions,clicks,conversions,ctr,conversion_rate
Google,CMP-1000,2025-04-30,Unlock premium for gadgets lovers,image,lookalike,244.28,70011,1282,49,0.018311408207281714,0.0006998900172829984
Google,CMP-1001,2025-08-12,New launch on sneakers,image,interests,843.95,289274,5292,172,0.018294074130409232,0.0005945919785393779
Google,CMP-1002,2025-07-03,Free shipping for headphones lovers,video,broad,476.04,303434,7308,453,0.024084314875722563,0.001492911143774264
Meta,CMP-1003,2025-06-09,Exclusive deal — headphones inside,carousel,broad,564.52,165786,2184,76,0.01317360935181499,0.00045842230345143737
Meta,CMP-1004,2025-03-22,Trending now on courses,video,retargeting,293.17,101694,2478,268,0.024367219304973743,0.0026353570515467973
Meta,CMP-1005,2025-03-22,Upgrade today on subscriptions,image,lookalike,667.67,302941,7220,401,0.02383302359205258,0.0013236900914699562
Meta,CMP-1006,2025-03-04,Summer sale: subscriptions bundle,image,interests,792.8,161260,3739,99,0.023186158997891605,0.0006139154160982264
Meta,CMP-1007,2025-07-27,New launch — gadgets inside,video,broad,234.78,94936,1719,49,0.01810693519844948,0.0005161371871576641
Google,CMP-1008,2025-06-10,Save more | subscriptions edition,video,broad,521.96,229153,5123,240,0.02235624233590658,0.0010473351865347607
Meta,CMP-1009,2025-06-29,Upgrade today — gadgets inside,video,lookalike,371.98,168249,3536,248,0.021016469637263818,0.001474005789038865
Google,CMP-1010,2025-02-25,Exclusive deal | ebooks edition,video,retargeting,182.06,45072,1463,166,0.03245917642882499,0.0036829960951366703
Meta,CMP-1011,2025-08-15,New launch on gadgets,video,lookalike,204.58,52539,1367,82,0.02601876701117265,0.0015607453510725366
Meta,CMP-1012,2025-07-21,Summer sale: gadgets bundle,text,lookalike,451.2,183434,3464,202,0.018884176324999728,0.0011012135154878594
Meta,CMP-1013,2025-04-01,Save more for ebooks lovers,video,interests,964.56,500000,10388,387,0.020776,0.000774
Meta,CMP-1014,2025-03-26,Early access: headphones bundle,video,retargeting,462.66,185504,5390,435,0.02905597722960152,0.0023449629118509575
Meta,CMP-1015,2025-03-27,Buy one get one on ebooks,carousel,retargeting,628.13,108379,2866,257,0.02644423735225459,0.002371308094741601
Google,CMP-1016,2025-04-17,Exclusive deal: headphones bundle,image,retargeting,771.86,217099,5139,394,0.023671228333617383,0.0018148402341788769
Google,CMP-1017,2025-05-27,Top rated: subscriptions bundle,text,interests,905.54,358905,6117,139,0.017043507334810047,0.0003872891155041028
Google,CMP-1018,2025-05-10,Trending now — courses inside,image,lookalike,196.61,93552,1744,96,0.018642038652300325,0.001026167265264238
Meta,CMP-1019,2025-04-15,Limited time: subscriptions bundle,video,interests,674.13,360428,7688,225,0.021330196322150333,0.0006242578268059085
Google,CMP-1020,2025-06-12,Free shipping — skincare inside,image,lookalike,581.31,218716,7124,538,0.03257191974981254,0.002459810896322171
Google,CMP-1021,2025-03-19,Price drop on sneakers,image,lookalike,747.72,308901,8366,414,0.027083110770117286,0.0013402352209931337
Meta,CMP-1022,2025-04-15,New launch: gadgets bundle,carousel,retargeting,193.36,123271,3146,290,0.02552100656277632,0.0023525403379545877
Google,CMP-1023,2025-04-28,Summer sale for skincare lovers,image,interests,507.89,156200,3759,114,0.024065300896286813,0.0007298335467349552
Meta,CMP-1024,2025-05-15,Best choice: gadgets bundle,video,lookalike,211.99,91004,1612,103,0.017713507098589074,0.0011318183816095995
Google,CMP-1025,2025-07-13,Upgrade today: ebooks bundle,carousel,interests,813.07,157701,3079,79,0.019524289636717585,0.0005009479965250696
Meta,CMP-1026,2025-03-29,Unlock premium — courses inside,image,retargeting,127.14,39884,953,89,0.023894293451007922,0.0022314712666733527
Google,CMP-1027,2025-05-25,Limited time on courses,video,retargeting,571.28,165265,3640,369,0.022025232202825765,0.0022327776601216228
Google,CMP-1028,2025-06-08,Trending now: courses bundle,image,broad,1041.05,360735,6654,164,0.018445673416774087,0.00045462735803290506
Google,CMP-1029,2025-03-02,Free shipping: skincare bundle,carousel,interests,807.76,285734,7462,254,0.026115198051334457,0.000888938663232237
Meta,CMP-1030,2025-06-11,Best choice on gadgets,video,interests,800.66,314100,6313,265,0.020098694683221903,0.0008436803565743394
Google,CMP-1031,2025-03-24,Best choice | headphones edition,text,lookalike,285.73,109362,2156,107,0.01971434319050493,0.0009784020043525172
Google,CMP-1032,2025-03-05,Save more on apparel,image,broad,258.65,54244,1305,56,0.024057960327409485,0.001032372243934813
Google,CMP-1033,2025-08-11,Top rated | skincare edition,video,retargeting,520.82,117022,2372,248,0.02026969287826221,0.002119259626395037
Google,CMP-1034,2025-08-14,Unlock premium | courses edition,carousel,interests,1048.74,469273,9292,535,0.019800840875140908,0.001140061328906628
Google,CMP-1035,2025-07-17,Summer sale for gadgets lovers,image,broad,1010.17,424779,8298,249,0.019534864011638994,0.0005861871702697167
Meta,CMP-1036,2025-04-17,Free shipping on headphones,text,interests,185.41,42850,892,30,0.020816802800466744,0.0007001166861143524
Google,CMP-1037,2025-03-11,Save more | subscriptions edition,text,broad,1085.02,442063,7658,283,0.017323322693824184,0.000640180245802069
Meta,CMP-1038,2025-06-25,Buy one get one — gadgets inside,text,interests,531.59,227202,2577,95,0.011342329733012914,0.0004181301220939957
Google,CMP-1039,2025-05-12,Trending now on sneakers,image,broad,497.69,188062,2749,42,0.01461751975412364,0.00022333060373706543
Meta,CMP-1040,2025-03-15,Summer sale on skincare,video,broad,813.22,358017,7937,350,0.02216933832750959,0.0009776072085962398
Google,CMP-1041,2025-05-22,Festive offer: gadgets bundle,video,interests,736.37,182680,5389,171,0.02949967155682067,0.0009360630610904313
Google,CMP-1042,2025-02-28,Trending now for subscriptions lovers,image,interests,841.66,184983,3257,57,0.017607023348091447,0.00030813642334701026
Meta,CMP-1043,2025-08-04,Save more — skincare inside,video,lookalike,155.32,82307,1889,124,0.022950660332657004,0.0015065547280304226
Meta,CMP-1044,2025-04-09,Limited time: ebooks bundle,carousel,broad,304.39,143003,2703,124,0.01890170136290847,0.0008671146759158899
Google,CMP-1045,2025-06-21,Early access — skincare inside,image,retargeting,595.35,202898,4928,375,0.024288065924750368,0.001848219302309535
Google,CMP-1046,2025-04-19,Student discount | skincare edition,video,lookalike,314.51,93016,2685,176,0.028866001548120752,0.001892147587511826
Meta,CMP-1047,2025-05-26,Festive offer — skincare inside,image,lookalike,769.78,155384,3422,218,0.022022859496473254,0.0014029758533697164
Google,CMP-1048,2025-05-31,Early access: subscriptions bundle,image,retargeting,1055.91,447923,10970,821,0.024490816501943416,0.001832904316143623
Google,CMP-1049,2025-03-27,Early access — ebooks inside,carousel,retargeting,1181.7,161166,3871,394,0.024018713624461736,0.0024446843627067743
Google,CMP-1050,2025-08-15,Early access on sneakers,image,interests,457.82,123359,2165,25,0.017550401673165315,0.0002026605274037565
Meta,CMP-1051,2025-07-11,Exclusive deal: ebooks bundle,video,lookalike,300.99,90358,2125,97,0.023517563469753647,0.001073507603089931
Meta,CMP-1052,2025-08-10,Summer sale: skincare bundle,image,broad,316.42,128539,2471,62,0.019223737542691324,0.0004823438800675281
Google,CMP-1053,2025-08-02,Best choice on skincare,carousel,retargeting,946.52,295513,6475,532,0.02191104959849482,0.0018002592102547097
Meta,CMP-1054,2025-06-09,Upgrade today for gadgets lovers,carousel,broad,921.97,284746,5191,201,0.018230282427145597,0.0007058922688992997
Google,CMP-1055,2025-08-06,Buy one get one for gadgets lovers,carousel,interests,155.21,34702,737,51,0.021237968993141607,0.0014696559276122414
Google,CMP-1056,2025-03-09,Exclusive deal | apparel edition,text,broad,980.94,411277,9411,150,0.022882388268733723,0.0003647176963457718
Google,CMP-1057,2025-03-29,Festive offer on headphones,carousel,retargeting,835.75,245891,4067,305,0.01653984895746489,0.0012403870007442323
Meta,CMP-1058,2025-03-02,Top rated — apparel inside,video,retargeting,700.59,345231,8279,839,0.023981044575950596,0.0024302568425199358
Google,CMP-1059,2025-04-21,Free shipping — headphones inside,video,broad,232.4,120134,2758,131,0.02295769723808414,0.0010904489986182098
Meta,CMP-1060,2025-05-02,Upgrade today: headphones bundle,image,lookalike,380.09,155316,3040,174,0.019572999562182905,0.001120296685467048
Meta,CMP-1061,2025-04-11,Early access: skincare bundle,image,broad,925.18,500000,9021,225,0.018042,0.00045
Meta,CMP-1062,2025-07-21,Best choice — apparel inside,image,broad,1127.81,390755,6037,187,0.015449578380315031,0.0004785607349873962
Meta,CMP-1063,2025-04-27,Free shipping on subscriptions,image,interests,102.6,33010,730,23,0.022114510754316873,0.0006967585580127234
Meta,CMP-1064,2025-04-13,Upgrade today on headphones,image,retargeting,611.94,282338,7183,496,0.025441137926881963,0.001756759628530343
Meta,CMP-1065,2025-05-30,Student discount | subscriptions edition,carousel,broad,832.57,310274,3898,164,0.012563089398402703,0.0005285650747403908
Meta,CMP-1066,2025-03-19,Buy one get one | gadgets edition,text,lookalike,532.69,144008,3448,259,0.023943114271429367,0.0017985111938225655
Meta,CMP-1067,2025-07-16,Save more — sneakers inside,video,lookalike,85.8,34988,707,40,0.02020692808963073,0.0011432491139819366
Meta,CMP-1068,2025-03-07,Trending now | ebooks edition,video,interests,936.56,449026,10398,571,0.023156788248341966,0.0012716412858052764
Meta,CMP-1069,2025-08-18,Exclusive deal — courses inside,video,interests,193.96,93648,1943,103,0.02074790705621049,0.0010998633179566035
Meta,CMP-1070,2025-07-11,Student discount for gadgets lovers,image,retargeting,359.34,117908,2894,230,0.024544560165552804,0.0019506734063846388
Google,CMP-1071,2025-03-29,Unlock premium: ebooks bundle,image,broad,385.41,114877,2163,86,0.018828834318444947,0.0007486267921341957
Google,CMP-1072,2025-02-22,Free shipping | headphones edition,text,interests,328.35,189189,4011,136,0.0212010212010212,0.0007188578617150045
Meta,CMP-1073,2025-07-18,Limited time | courses edition,video,retargeting,140.37,60927,1529,140,0.02509560621727641,0.0022978318315361006
Google,CMP-1074,2025-06-29,New launch on gadgets,video,interests,242.6,103723,2384,154,0.0229842947080204,0.0014847237353335326
Meta,CMP-1075,2025-07-03,Trending now: ebooks bundle,video,interests,971.99,455354,10821,374,0.023763928723586486,0.0008213390021829171
Meta,CMP-1076,2025-07-10,Price drop — ebooks inside,text,retargeting,570.17,244677,6895,470,0.028180008746224613,0.0019208997985098722
Google,CMP-1077,2025-03-07,Unlock premium | subscriptions edition,carousel,interests,622.93,194580,4798,217,0.024658238256758145,0.0011152225305786822
Google,CMP-1078,2025-04-27,Early access — apparel inside,carousel,retargeting,279.47,87976,2277,227,0.025882058743293624,0.002580249158861508
Google,CMP-1079,2025-03-14,Unlock premium for headphones lovers,video,retargeting,476.69,185397,5109,505,0.02755708021165391,0.0027238844209992613
Google,CMP-1080,2025-07-27,Best choice: apparel bundle,image,interests,1085.81,231314,3981,129,0.017210372048384447,0.0005576834951624199
Meta,CMP-1081,2025-06-14,Free shipping | headphones edition,text,broad,1095.39,293294,4425,152,0.015087250335840487,0.0005182513109712438
Google,CMP-1082,2025-04-22,Limited time — apparel inside,text,interests,463.12,118558,2438,89,0.020563774692555544,0.0007506874272507971
Meta,CMP-1083,2025-03-05,Price drop — gadgets inside,text,retargeting,200.5,53841,1140,93,0.021173455173566613,0.0017273081852120131
Meta,CMP-1084,2025-04-18,Save more | apparel edition,text,broad,437.55,159584,2872,66,0.01799679165831161,0.0004135752957689994
Google,CMP-1085,2025-04-21,Limited time: headphones bundle,text,retargeting,896.86,364896,8388,855,0.022987371744277823,0.0023431333859510657
Google,CMP-1086,2025-07-03,Buy one get one for ebooks lovers,image,interests,360.21,131244,2774,137,0.021136204321721374,0.0010438572429977751
Google,CMP-1087,2025-06-16,Trending now | gadgets edition,carousel,interests,220.59,58865,1347,54,0.02288286757835726,0.0009173532659475071
Meta,CMP-1088,2025-07-31,Early access — headphones inside,carousel,interests,404.12,120629,2578,96,0.021371312039393513,0.0007958285321108523
Google,CMP-1089,2025-05-17,New launch for apparel lovers,text,broad,253.72,76480,1466,38,0.019168410041841003,0.0004968619246861924
Google,CMP-1090,2025-03-15,Unlock premium on gadgets,image,broad,84.95,32092,624,13,0.01944409821762433,0.0004050853795338402
Google,CMP-1091,2025-06-30,Price drop: courses bundle,video,retargeting,172.58,97181,3124,282,0.03214620141797265,0.0029018017925314618
Google,CMP-1092,2025-07-08,Upgrade today: skincare bundle,text,lookalike,817.73,338348,7079,345,0.020922245735160248,0.0010196602314776501
Google,CMP-1093,2025-06-03,Festive offer — sneakers inside,video,lookalike,505.6,203027,4995,389,0.0246026390578593,0.0019160013200214749
Meta,CMP-1094,2025-07-10,Summer sale on gadgets,text,retargeting,134.18,73811,1843,173,0.024969178035794123,0.00234382409126011
Meta,CMP-1095,2025-05-21,Upgrade today — headphones inside,image,broad,79.49,28483,356,5,0.012498683425200998,0.00017554330653372186
Google,CMP-1096,2025-05-27,Best choice on ebooks,carousel,broad,749.09,315514,6224,156,0.019726541452994163,0.0004944313089118074
Meta,CMP-1097,2025-05-09,Buy one get one for headphones lovers,carousel,interests,1124.6,481585,9344,445,0.019402597672269692,0.0009240321023287686
Meta,CMP-1098,2025-02-26,Best choice — subscriptions inside,text,interests,973.48,198171,3220,78,0.01624859338651972,0.0003935994671268753
Google,CMP-1099,2025-03-13,Top rated | gadgets edition,image,lookalike,833.29,180979,3784,153,0.02090850319650346,0.0008454019527127457
Meta,CMP-1100,2025-02-27,Price drop for apparel lovers,carousel,broad,1157.37,500000,9025,361,0.01805,0.000722
Meta,CMP-1101,2025-06-16,Early access — apparel inside,video,lookalike,1066.84,474707,10241,558,0.021573307324307414,0.001175461916508499
Meta,CMP-1102,2025-04-19,Summer sale | gadgets edition,image,retargeting,947.6,443744,9659,797,0.021767054878488498,0.0017960806230619456
Meta,CMP-1103,2025-05-24,Price drop on ebooks,video,interests,243.22,84137,2114,83,0.02512568786621819,0.0009864863258732782
Google,CMP-1104,2025-08-04,Save more — gadgets inside,carousel,retargeting,748.16,165848,4352,365,0.02624089527760359,0.0022008103805894554
Meta,CMP-1105,2025-04-07,Best choice — apparel inside,text,lookalike,514.97,200733,4213,190,0.020988078691595302,0.0009465309640168782
Meta,CMP-1106,2025-05-06,Early access on gadgets,carousel,lookalike,882.99,204635,4543,212,0.022200503335206588,0.001035990910645784
Google,CMP-1107,2025-07-07,Exclusive deal for gadgets lovers,carousel,broad,646.92,191477,4001,65,0.02089546002914188,0.0003394663588838346
Meta,CMP-1108,2025-04-04,Festive offer — gadgets inside,carousel,lookalike,432.95,198188,5597,285,0.028240862211637435,0.0014380285385593478
Google,CMP-1109,2025-03-07,Student discount: sneakers bundle,carousel,retargeting,666.2,199007,4576,354,0.0229941660343606,0.0017788319003854136
Google,CMP-1110,2025-04-15,New launch for subscriptions lovers,carousel,broad,1116.25,348212,5198,198,0.014927687730463051,0.0005686191170895891
Meta,CMP-1111,2025-03-23,Student discount | ebooks edition,image,broad,767.12,357522,5465,142,0.015285772623782593,0.000397178355457846
Meta,CMP-1112,2025-08-08,New launch | subscriptions edition,carousel,retargeting,352.58,113295,2583,271,0.022798887859128824,0.002391985524515645
Google,CMP-1113,2025-07-17,Price drop: courses bundle,image,interests,621.51,160454,3363,105,0.020959278048537276,0.0006543931594101736
Google,CMP-1114,2025-06-16,Student discount for courses lovers,video,retargeting,143.06,40229,1083,108,0.026920877973601133,0.0026846304904422184
Google,CMP-1115,2025-07-28,Save more | ebooks edition,text,retargeting,1041.32,390853,8772,759,0.022443220341151277,0.0019419065479860714
Meta,CMP-1116,2025-07-16,New launch for courses lovers,text,lookalike,508.46,179871,2619,153,0.014560434978401187,0.0008506096035492103
Google,CMP-1117,2025-03-27,Exclusive deal for gadgets lovers,carousel,broad,632.06,230612,4047,139,0.017548956689157545,0.0006027440029139854
Google,CMP-1118,2025-08-01,Best choice: ebooks bundle,video,broad,947.88,313874,6522,221,0.020779038722544715,0.0007041041946768448
Meta,CMP-1119,2025-05-30,Unlock premium — subscriptions inside,carousel,broad,166.2,58159,845,22,0.014529135645385926,0.00037827335408105364
Meta,CMP-1120,2025-07-17,Early access | gadgets edition,image,retargeting,402.19,176442,5247,410,0.029737817526439284,0.002323709774316773
Google,CMP-1121,2025-08-02,Early access on skincare,video,retargeting,526.25,262565,7756,762,0.02953935216041742,0.002902138518081237
Google,CMP-1122,2025-04-20,Student discount on ebooks,video,lookalike,72.07,35048,738,32,0.02105683633873545,0.0009130335539831089
Meta,CMP-1123,2025-03-13,Early access | ebooks edition,carousel,interests,423.38,163841,3122,161,0.019055059478396738,0.0009826600179442264
Google,CMP-1124,2025-04-04,Trending now on subscriptions,image,interests,1075.9,497936,7848,237,0.01576106166254298,0.0004759647826226664
Google,CMP-1125,2025-05-09,Early access for sneakers lovers,video,broad,1079.39,500000,13097,700,0.026194,0.0014
Meta,CMP-1126,2025-07-19,Exclusive deal | headphones edition,text,lookalike,639.06,234965,4209,179,0.017913306237099143,0.0007618155895558913
Google,CMP-1127,2025-07-26,Best choice — apparel inside,text,lookalike,940.85,448684,6690,378,0.014910270925640318,0.000842463738399408
Google,CMP-1128,2025-02-23,Best choice — ebooks inside,video,lookalike,354.8,163461,4609,313,0.028196328176139873,0.0019148298370865221
Meta,CMP-1129,2025-05-24,Summer sale — apparel inside,image,interests,1163.76,348839,6312,251,0.018094307115890138,0.0007195296397478493
Meta,CMP-1130,2025-05-08,Limited time | ebooks edition,image,interests,983.54,301711,6279,157,0.020811306183732114,0.0005203655153441538
Google,CMP-1131,2025-04-02,Price drop on ebooks,video,lookalike,754.88,205229,5251,287,0.025586052653377447,0.0013984378426050899
Google,CMP-1132,2025-03-15,Student discount | ebooks edition,carousel,retargeting,1040.58,453048,9719,955,0.021452473027140612,0.0021079444120711273
Google,CMP-1133,2025-04-23,Exclusive deal: subscriptions bundle,image,retargeting,676.78,288376,7493,545,0.025983438288900602,0.0018898937498266152
Google,CMP-1134,2025-08-10,Unlock premium | courses edition,text,broad,892.72,500000,9190,425,0.01838,0.00085
Google,CMP-1135,2025-04-21,Student discount | subscriptions edition,video,interests,580.79,268531,5925,190,0.022064491622941114,0.0007075533178664661
Meta,CMP-1136,2025-05-26,Top rated | skincare edition,text,retargeting,758.38,257714,3937,255,0.015276624475193432,0.000989468946196171
Google,CMP-1137,2025-06-28,Early access — headphones inside,video,broad,1058.15,306195,8538,313,0.02788419144662715,0.001022224399483989
Meta,CMP-1138,2025-04-28,Student discount for ebooks lovers,image,lookalike,849.96,428157,6888,475,0.016087556667297276,0.0011094061290601344
Meta,CMP-1139,2025-08-15,Trending now | headphones edition,text,lookalike,695.71,251247,5589,332,0.022245041731841574,0.0013214088128415463
Meta,CMP-1140,2025-08-14,Save more | gadgets edition,video,retargeting,622.99,342619,8442,520,0.024639614265408515,0.0015177208502739194
Google,CMP-1141,2025-04-08,Save more for headphones lovers,carousel,interests,549.12,237266,5052,151,0.021292557720027312,0.0006364165114259944
Meta,CMP-1142,2025-05-22,Trending now | courses edition,image,retargeting,781.6,278181,6012,583,0.021611828270083146,0.0020957577979804514
Google,CMP-1143,2025-04-17,Buy one get one for headphones lovers,text,broad,466.57,86612,1593,45,0.018392370572207085,0.0005195584907403131
Google,CMP-1144,2025-04-14,Trending now on headphones,text,lookalike,1053.64,344335,6529,235,0.018961186054278538,0.0006824749154166727
Meta,CMP-1145,2025-02-28,Price drop: sneakers bundle,text,lookalike,620.93,239036,5362,267,0.022431767599859435,0.0011169865626934855
Google,CMP-1146,2025-06-11,Unlock premium | courses edition,video,lookalike,914.08,397943,9702,464,0.024380376084012032,0.0011659961351248797
Google,CMP-1147,2025-05-23,Exclusive deal on subscriptions,image,interests,336.98,94246,2220,44,0.02355537635549519,0.0004668633151539588
Google,CMP-1148,2025-03-03,Student discount — apparel inside,carousel,broad,88.66,32728,489,19,0.014941334637008067,0.0005805426546076754
Meta,CMP-1149,2025-04-13,Best choice for skincare lovers,video,retargeting,1127.35,495344,12129,1101,0.02448601376013437,0.002222697761555606
Google,CMP-1150,2025-08-04,Unlock premium: ebooks bundle,image,interests,802.3,310024,4578,64,0.014766598714938198,0.00020643563078987434
Google,CMP-1151,2025-04-06,Early access — ebooks inside,video,interests,309.11,159647,4245,135,0.026589913997757553,0.0008456156395046571
Google,CMP-1152,2025-03-20,Exclusive deal | courses edition,text,lookalike,881.24,331240,6368,230,0.0192247313126434,0.0006943605844704746
Meta,CMP-1153,2025-05-21,Early access — ebooks inside,carousel,interests,1027.47,108057,1952,123,0.018064540011290337,0.00113828812571143
Google,CMP-1154,2025-08-18,Festive offer | gadgets edition,text,interests,639.38,219652,5189,121,0.023623732085298565,0.0005508713783621365
Meta,CMP-1155,2025-04-06,Limited time — headphones inside,carousel,lookalike,920.26,287193,5100,276,0.017758092989731643,0.0009610262088560654
Google,CMP-1156,2025-06-22,Student discount: gadgets bundle,image,interests,937.81,412148,7775,263,0.018864582625658745,0.0006381202868872347
Meta,CMP-1157,2025-07-09,Early access on skincare,video,retargeting,941.95,328912,6918,619,0.021032981466167243,0.0018819623485917206
Google,CMP-1158,2025-04-05,New launch for apparel lovers,carousel,interests,662.98,267595,4981,144,0.018613950185915284,0.0005381266466114837
Google,CMP-1159,2025-07-03,Best choice for skincare lovers,carousel,lookalike,802.44,259727,5411,229,0.02083341354576151,0.0008816950105302875
Google,CMP-1160,2025-04-29,Exclusive deal | subscriptions edition,carousel,lookalike,530.43,140237,3443,213,0.024551295307229902,0.0015188573628928171
Meta,CMP-1161,2025-06-15,Top rated for courses lovers,carousel,broad,265.52,170591,2870,111,0.016823865268390477,0.0006506791096833948
Google,CMP-1162,2025-06-16,Summer sale on headphones,text,lookalike,994.88,168167,3121,123,0.018558932489727474,0.0007314157950132904
Meta,CMP-1163,2025-05-29,Upgrade today: subscriptions bundle,image,interests,213.27,72679,1198,15,0.01648344088388668,0.00020638698936419048
Meta,CMP-1164,2025-03-10,Unlock premium on ebooks,carousel,broad,591.98,233062,3757,174,0.016120174030944557,0.0007465824544541796
Meta,CMP-1165,2025-07-22,Top rated | subscriptions edition,video,broad,1034.1,320003,6596,214,0.020612306759624128,0.0006687437305275263
Google,CMP-1166,2025-04-20,New launch | subscriptions edition,video,broad,401.11,201705,3822,182,0.018948464341488808,0.0009023078257851813
Google,CMP-1167,2025-03-27,Buy one get one | headphones edition,image,retargeting,564.11,236099,7102,743,0.030080601781456086,0.0031469849512280866
Meta,CMP-1168,2025-03-01,Best choice | courses edition,text,retargeting,535.93,197419,4011,329,0.02031719338057634,0.001666506263328251
Meta,CMP-1169,2025-06-08,Upgrade today | gadgets edition,carousel,broad,1157.23,487084,6873,334,0.01411050250059538,0.0006857133471844692
Meta,CMP-1170,2025-06-23,Festive offer: apparel bundle,video,lookalike,859.24,285353,7268,319,0.025470207076848675,0.0011179136017494121
Meta,CMP-1171,2025-02-24,Early access on gadgets,image,interests,394.91,142607,3092,143,0.021681965120926742,0.0010027558254503636
Meta,CMP-1172,2025-05-25,Limited time — sneakers inside,image,retargeting,963.77,383681,8795,738,0.022922688379148303,0.0019234728850268843
Google,CMP-1173,2025-04-03,Summer sale: gadgets bundle,video,retargeting,1096.07,500000,16277,1567,0.032554,0.003134
Google,CMP-1174,2025-06-18,Buy one get one — sneakers inside,video,lookalike,414.49,226894,5985,588,0.026377956226255432,0.0025915185064391303
Google,CMP-1175,2025-03-25,Exclusive deal on courses,video,lookalike,858.03,247708,6454,286,0.026054871057858447,0.0011545852374570057
Google,CMP-1176,2025-06-26,Unlock premium on apparel,image,lookalike,1143.11,500000,10925,536,0.02185,0.001072
Google,CMP-1177,2025-05-02,Buy one get one: headphones bundle,carousel,broad,102.5,35199,779,29,0.02213131054859513,0.0008238870422455183
Google,CMP-1178,2025-08-09,Top rated: apparel bundle,image,interests,752.4,210303,3659,159,0.017398705677046926,0.000756051982140055
Google,CMP-1179,2025-03-18,New launch | subscriptions edition,text,retargeting,387.51,119361,2575,218,0.021573210680205426,0.001826392205159139
Google,CMP-1180,2025-04-24,Save more on headphones,image,interests,633.52,227009,5378,144,0.02369069067746213,0.0006343360835913994
Meta,CMP-1181,2025-03-14,Summer sale: apparel bundle,text,broad,522.67,170569,2836,109,0.016626702390235035,0.0006390375742368191
Google,CMP-1182,2025-08-07,Early access | apparel edition,image,retargeting,781.86,291663,6744,500,0.02312257639810329,0.001714307265577053
Meta,CMP-1183,2025-07-29,Festive offer: courses bundle,text,interests,531.79,92854,1613,62,0.017371357184397012,0.0006677149072737847
Google,CMP-1184,2025-04-09,Unlock premium — headphones inside,text,interests,830.47,386879,4475,128,0.011566924025341256,0.0003308527989371354
Meta,CMP-1185,2025-06-20,Festive offer | apparel edition,text,interests,126.41,58653,830,23,0.014151023818048523,0.0003921368045965253
Meta,CMP-1186,2025-07-19,Buy one get one on ebooks,carousel,lookalike,608.9,204894,4610,385,0.022499438734174745,0.0018790203715091706
Google,CMP-1187,2025-06-01,Best choice — courses inside,image,broad,846.37,238713,5385,127,0.02255846979427178,0.0005320196218890467
Google,CMP-1188,2025-05-28,Festive offer — headphones inside,image,lookalike,968.14,373685,8855,514,0.02369642881036167,0.0013754900517815808
Meta,CMP-1189,2025-04-06,Student discount on apparel,image,lookalike,480.74,109564,1825,76,0.016656931108758353,0.0006936585009674711
Google,CMP-1190,2025-03-10,Unlock premium — courses inside,video,interests,79.26,42089,1171,29,0.027821996246050036,0.0006890161324811709
Meta,CMP-1191,2025-08-02,Unlock premium: headphones bundle,image,lookalike,746.65,232527,3467,142,0.014910096461916251,0.0006106817702890417
Google,CMP-1192,2025-08-03,Exclusive deal — subscriptions inside,carousel,broad,608.43,219335,3911,81,0.017831171495657328,0.00036929810563749517
Meta,CMP-1193,2025-06-15,Exclusive deal: skincare bundle,carousel,broad,577.3,204781,3923,118,0.019157050702946075,0.0005762253334049546
Meta,CMP-1194,2025-04-24,Limited time: courses bundle,image,retargeting,743.38,178323,3474,286,0.019481502666509647,0.0016038312500350487
Google,CMP-1195,2025-04-25,Top rated for apparel lovers,text,interests,1008.7,255981,2986,70,0.011664928256394029,0.0002734577956957743
Meta,CMP-1196,2025-07-02,Summer sale for sneakers lovers,carousel,lookalike,360.78,142854,3269,153,0.022883503437075615,0.0010710235625183754
Google,CMP-1197,2025-08-02,Early access | ebooks edition,image,broad,512.05,133268,2976,160,0.022330942161659213,0.001200588288261248
Meta,CMP-1198,2025-07-31,Early access: gadgets bundle,text,interests,596.88,144062,2375,53,0.016485957434993266,0.0003678971553914287
Google,CMP-1199,2025-07-12,Festive offer: subscriptions bundle,carousel,interests,959.09,497979,11737,315,0.023569266977121524,0.0006325567945636262
Meta,CMP-1200,2025-06-17,Unlock premium: headphones bundle,carousel,broad,582.08,226246,3902,75,0.017246713754055322,0.00033149757343776243
Google,CMP-1201,2025-03-09,Student discount for gadgets lovers,image,retargeting,494.52,140519,2322,295,0.01652445576754745,0.0020993602288658475
Meta,CMP-1202,2025-03-23,Festive offer | sneakers edition,carousel,lookalike,1001.65,431143,11110,770,0.025768712468948816,0.0017859503691350666
Meta,CMP-1203,2025-08-02,Save more: gadgets bundle,video,retargeting,1065.98,434942,12278,720,0.028229051229819148,0.001655393132877487
Meta,CMP-1204,2025-06-11,New launch on headphones,image,interests,840.88,405990,8828,372,0.021744377940343357,0.000916278726076997
Meta,CMP-1205,2025-02-23,Best choice | headphones edition,image,lookalike,1151.07,389261,8191,427,0.021042436822594608,0.0010969503751981319
Meta,CMP-1206,2025-03-12,Limited time for apparel lovers,image,interests,916.44,419699,10036,224,0.023912375297534663,0.0005337158296779359
Meta,CMP-1207,2025-06-21,Best choice for courses lovers,carousel,broad,125.91,48809,620,20,0.012702575344711016,0.00040976049499067796
Meta,CMP-1208,2025-02-22,Save more — subscriptions inside,text,broad,394.5,153901,1854,22,0.012046705349542887,0.00014294903866771496
Google,CMP-1209,2025-03-22,Summer sale: courses bundle,carousel,retargeting,373.16,108721,3146,252,0.02893645201938908,0.0023178594751703903
Google,CMP-1210,2025-05-31,Buy one get one on gadgets,carousel,lookalike,1175.83,248379,7112,501,0.028633660655691503,0.002017078738540698
Google,CMP-1211,2025-06-26,Exclusive deal on skincare,carousel,retargeting,768.5,346081,9135,744,0.02639555479786524,0.002149785743799862
Google,CMP-1212,2025-06-19,Top rated — apparel inside,text,interests,214.31,62901,1265,36,0.020110968029125133,0.0005723279439118615
Google,CMP-1213,2025-04-03,Price drop — ebooks inside,text,broad,415.22,114071,1920,61,0.016831622410603923,0.0005347546703368954
Meta,CMP-1214,2025-06-30,Summer sale | subscriptions edition,image,lookalike,1015.24,310969,7383,410,0.02374191639681126,0.0013184593962742267
Meta,CMP-1215,2025-04-05,Upgrade today on subscriptions,image,broad,1075.65,368303,6752,179,0.01833273147381368,0.00048601287526846103
Google,CMP-1216,2025-04-21,New launch: ebooks bundle,text,interests,617.89,309680,4628,154,0.014944458796176698,0.0004972875226039783
Google,CMP-1217,2025-07-06,Buy one get one | sneakers edition,carousel,interests,171.17,49044,1222,93,0.024916401598564553,0.0018962564228040127
Google,CMP-1218,2025-06-18,Exclusive deal for sneakers lovers,carousel,broad,547.64,126103,2455,130,0.019468212492962104,0.0010309033091996226
Meta,CMP-1219,2025-07-24,Upgrade today — apparel inside,text,retargeting,805.96,289171,6617,549,0.022882654208063742,0.0018985306272067393
Meta,CMP-1220,2025-06-20,New launch on apparel,text,lookalike,207.09,106500,2101,126,0.01972769953051643,0.0011830985915492957
Meta,CMP-1221,2025-06-04,Student discount: subscriptions bundle,image,interests,380.52,120154,1813,48,0.01508896915624948,0.00039948732460009655
Google,CMP-1222,2025-03-10,Buy one get one — apparel inside,carousel,broad,66.9,14900,266,12,0.01785234899328859,0.0008053691275167785
Meta,CMP-1223,2025-04-29,Student discount — headphones inside,video,broad,660.58,96661,1784,69,0.018456254332150507,0.000713834948945283
Google,CMP-1224,2025-04-10,Upgrade today — sneakers inside,image,interests,938.86,375039,7550,274,0.020131239684406155,0.0007305906852354022
Meta,CMP-1225,2025-04-06,Trending now for ebooks lovers,video,retargeting,70.19,34647,991,91,0.02860276503016134,0.002626490027996652
Google,CMP-1226,2025-08-16,Summer sale on subscriptions,video,retargeting,394.77,164412,4869,435,0.029614626669586162,0.002645792277935917
Google,CMP-1227,2025-05-03,Save more for skincare lovers,carousel,retargeting,507.71,193922,4722,391,0.024349996390301255,0.0020162745846268085
Google,CMP-1228,2025-08-01,New launch — headphones inside,video,interests,594.88,239194,6068,224,0.025368529310935892,0.0009364783397576862
Google,CMP-1229,2025-06-15,Top rated: gadgets bundle,text,lookalike,715.04,236968,4561,192,0.019247324533270316,0.0008102359812295331
Google,CMP-1230,2025-07-15,Free shipping: apparel bundle,carousel,interests,446.97,151495,3813,164,0.02516914749661705,0.0010825439783491205
Meta,CMP-1231,2025-05-23,Save more for headphones lovers,text,lookalike,775.56,313943,4307,205,0.013719050910515604,0.0006529847774914554
Google,CMP-1232,2025-06-05,New launch — ebooks inside,video,lookalike,831.56,316821,7655,287,0.024161908459350862,0.0009058742949488828
Google,CMP-1233,2025-05-21,Summer sale — skincare inside,image,lookalike,562.37,280065,6567,329,0.023448128113116598,0.0011747272954492707
Meta,CMP-1234,2025-03-29,Summer sale | gadgets edition,video,interests,1194.04,308303,7670,371,0.024878123145087788,0.0012033616280088095
Meta,CMP-1235,2025-07-02,New launch: headphones bundle,image,interests,961.48,312920,5985,207,0.01912629426051387,0.000661510929311006
Meta,CMP-1236,2025-04-13,Summer sale for apparel lovers,video,interests,876.08,444500,8865,516,0.019943757030371205,0.0011608548931383578
Google,CMP-1237,2025-02-26,Trending now for skincare lovers,carousel,broad,60.39,23673,457,12,0.019304693110294428,0.000506906602458497
Google,CMP-1238,2025-06-18,Buy one get one | ebooks edition,carousel,interests,419.92,168917,4289,192,0.02539116844367352,0.0011366529123770846
Google,CMP-1239,2025-03-25,Early access for gadgets lovers,image,broad,382.22,120860,2481,62,0.020527883501572065,0.0005129902366374317
Meta,CMP-1240,2025-08-10,Unlock premium on subscriptions,image,lookalike,955.68,410590,5416,259,0.013190774251686598,0.0006307995810906257
Google,CMP-1241,2025-08-12,Top rated on courses,video,interests,631.85,214973,4820,228,0.022421420364417858,0.0010605983076944546
Meta,CMP-1242,2025-08-05,Buy one get one | subscriptions edition,image,retargeting,644.2,200669,5427,600,0.02704453602698972,0.0029899984551674647
Google,CMP-1243,2025-04-29,Best choice on skincare,carousel,retargeting,285.38,92324,1832,168,0.019843161041549328,0.0018196785234608553
Meta,CMP-1244,2025-02-24,Save more on ebooks,image,broad,129.36,50590,927,26,0.01832377940304408,0.0005139355603874284
Meta,CMP-1245,2025-08-08,Limited time on apparel,carousel,lookalike,936.79,452824,8712,515,0.019239262936593466,0.0011373072098652016
Meta,CMP-1246,2025-05-10,Trending now on skincare,video,broad,93.21,43564,741,34,0.017009457350105592,0.0007804609310439812
Meta,CMP-1247,2025-08-14,Top rated for ebooks lovers,carousel,retargeting,310.04,121947,2316,164,0.01899185711825629,0.0013448465316899965
Google,CMP-1248,2025-08-14,New launch for subscriptions lovers,image,interests,903.18,304682,7296,278,0.0239462784148719,0.0009124267268824545
Google,CMP-1249,2025-07-25,Trending now: subscriptions bundle,video,broad,1087.23,497912,9589,501,0.019258423175179548,0.00100620189913077
Meta,CMP-1250,2025-04-16,New launch — gadgets inside,text,lookalike,865.72,378172,5944,193,0.01571771574838962,0.0005103497879271866
Meta,CMP-1251,2025-05-02,Early access — courses inside,image,lookalike,635.22,296845,6287,282,0.021179403392342804,0.0009499907359059442
Meta,CMP-1252,2025-07-25,Save more for apparel lovers,text,interests,1109.14,500000,9653,243,0.019306,0.000486
Meta,CMP-1253,2025-04-20,Early access | courses edition,text,lookalike,1175.3,500000,9493,495,0.018986,0.00099
Google,CMP-1254,2025-03-24,Student discount on apparel,text,retargeting,487.6,195467,3869,296,0.01979362245289486,0.0015143221106376013
Google,CMP-1255,2025-06-02,Student discount: ebooks bundle,carousel,lookalike,989.7,396801,8841,467,0.02228068981680994,0.0011769123565716821
Meta,CMP-1256,2025-08-09,Upgrade today on ebooks,video,interests,685.61,221375,4704,142,0.02124901185770751,0.0006414455110107285
Meta,CMP-1257,2025-06-27,New launch | courses edition,text,lookalike,768.61,223912,4809,229,0.021477187466504698,0.0010227232126906998
Meta,CMP-1258,2025-06-04,Buy one get one on ebooks,video,broad,681.19,219502,4193,298,0.01910233164162513,0.0013576186093976364
Google,CMP-1259,2025-03-11,Upgrade today | apparel edition,image,retargeting,951.32,268120,6098,372,0.022743547665224528,0.0013874384603908697
Google,CMP-1260,2025-06-12,Upgrade today | apparel edition,video,interests,1136.12,500000,13879,759,0.027758,0.001518
Google,CMP-1261,2025-08-19,Save more — apparel inside,video,lookalike,367.77,128911,3368,183,0.02612655242764388,0.0014195840541148545
Google,CMP-1262,2025-03-19,Exclusive deal: ebooks bundle,image,broad,180.3,89469,1578,26,0.017637393957683666,0.00029060344923940133
Meta,CMP-1263,2025-05-26,Early access for ebooks lovers,image,lookalike,286.13,65245,914,56,0.014008736301632308,0.0008583033182619358
Meta,CMP-1264,2025-07-29,Festive offer on skincare,text,retargeting,138.53,46642,1001,54,0.021461343853179538,0.0011577548132584367
Meta,CMP-1265,2025-07-05,Summer sale — apparel inside,video,interests,338.53,175763,4830,237,0.027480186387351148,0.0013484066612426961
Google,CMP-1266,2025-06-27,Exclusive deal — skincare inside,carousel,lookalike,1046.01,428480,10223,697,0.02385875653472741,0.001626680358476475
Google,CMP-1267,2025-06-28,Buy one get one | gadgets edition,image,retargeting,720.36,335156,8318,661,0.02481829357075511,0.0019722159233312247
Google,CMP-1268,2025-04-27,Top rated: skincare bundle,carousel,lookalike,823.33,294653,5930,316,0.02012536780552039,0.0010724479302773092
Google,CMP-1269,2025-04-15,Save more: ebooks bundle,image,lookalike,881.96,383074,8289,393,0.021638116917358004,0.0010259114426977554
Meta,CMP-1270,2025-07-17,Buy one get one on apparel,text,broad,155.1,64938,968,40,0.01490652622501463,0.0006159721580584558
Meta,CMP-1271,2025-07-17,Buy one get one for skincare lovers,text,lookalike,121.91,39336,978,50,0.024862721171446004,0.001271100264388855
Meta,CMP-1272,2025-07-28,Buy one get one for subscriptions lovers,image,broad,1014.27,444979,8792,501,0.019758235781913304,0.0011258958287919205
Google,CMP-1273,2025-08-05,Upgrade today on subscriptions,carousel,retargeting,476.78,209714,5408,485,0.025787501072889744,0.002312673450508788
Meta,CMP-1274,2025-05-25,Buy one get one: subscriptions bundle,video,lookalike,816.43,330802,10001,688,0.030232586260058886,0.002079793955296522
Google,CMP-1275,2025-05-23,Exclusive deal: apparel bundle,video,retargeting,1126.72,500000,13713,1031,0.027426,0.002062
Google,CMP-1276,2025-07-15,New launch for subscriptions lovers,image,broad,614.76,194029,4515,121,0.02326971741337635,0.0006236181189409831
Meta,CMP-1277,2025-06-18,Student discount | subscriptions edition,image,interests,813.85,295202,5260,170,0.01781830746404157,0.0005758768572028645
Google,CMP-1278,2025-06-28,Top rated on courses,text,lookalike,337.45,211047,4604,239,0.021815045937634746,0.0011324491700900746
Google,CMP-1279,2025-07-15,Price drop for ebooks lovers,text,interests,1145.74,468898,7249,135,0.015459652205810219,0.00028790909750094903
Meta,CMP-1280,2025-08-01,Trending now | apparel edition,video,lookalike,501.64,225153,6864,476,0.030485936230030247,0.0021141179553459204
Google,CMP-1281,2025-04-23,Trending now | gadgets edition,carousel,broad,234.42,94574,1478,60,0.0156279738617379,0.0006344238374183179
Google,CMP-1282,2025-04-30,Unlock premium on skincare,carousel,interests,52.29,23416,558,11,0.02382985992483772,0.0004697642637512812
Google,CMP-1283,2025-03-10,Best choice for gadgets lovers,carousel,interests,305.72,75431,2083,89,0.027614641195264546,0.0011798862536622874
Meta,CMP-1284,2025-06-06,Exclusive deal: ebooks bundle,carousel,retargeting,302.49,121290,3110,298,0.02564102564102564,0.0024569214279825213
Meta,CMP-1285,2025-02-28,Price drop on sneakers,text,lookalike,523.75,85246,1668,88,0.019566900499730193,0.0010323065011848063
Meta,CMP-1286,2025-05-16,Free shipping on apparel,text,retargeting,437.79,189241,3879,356,0.020497672280319804,0.001881199105901998
Google,CMP-1287,2025-05-30,Price drop: subscriptions bundle,carousel,interests,70.84,26629,806,16,0.030267753201396973,0.0006008486987870367
Google,CMP-1288,2025-04-14,Buy one get one — subscriptions inside,image,interests,61.48,23685,664,31,0.028034621068186615,0.0013088452607135318
Meta,CMP-1289,2025-06-08,Save more: sneakers bundle,carousel,broad,1033.22,339925,5809,269,0.017089063764065604,0.0007913510333161727
Google,CMP-1290,2025-02-27,Summer sale: headphones bundle,carousel,lookalike,1058.95,462082,7892,511,0.01707921970559338,0.0011058643271107725
Meta,CMP-1291,2025-02-28,Buy one get one | courses edition,carousel,broad,692.92,237006,3868,160,0.01632026193429702,0.00067508839438664
Meta,CMP-1292,2025-07-20,Buy one get one: gadgets bundle,carousel,lookalike,583.87,278776,7508,606,0.026932017103337445,0.0021737882744569115
Meta,CMP-1293,2025-04-27,New launch — skincare inside,image,broad,975.17,272146,4611,212,0.016943111418135853,0.0007789936284200393
Meta,CMP-1294,2025-03-16,Buy one get one: apparel bundle,text,retargeting,914.51,364133,9632,1052,0.02645187335396682,0.0028890542741251135
Meta,CMP-1295,2025-05-27,Student discount: apparel bundle,video,interests,1073.97,500000,11030,473,0.02206,0.000946
Meta,CMP-1296,2025-07-10,Limited time — apparel inside,carousel,interests,229.95,130245,2666,64,0.020469115896963416,0.0004913816269338555
Google,CMP-1297,2025-04-01,Limited time — ebooks inside,text,lookalike,1094.01,316575,5252,257,0.016590065545289426,0.0008118139461423044
Google,CMP-1298,2025-06-14,Exclusive deal for headphones lovers,image,interests,808.44,243174,5835,191,0.023995163956673,0.0007854458124635036
Google,CMP-1299,2025-03-09,Free shipping | sneakers edition,image,broad,269.57,110467,2034,99,0.01841273864593046,0.0008961952438284737
Meta,CMP-1300,2025-03-03,Best choice | gadgets edition,text,retargeting,853.79,249021,3239,251,0.013006935158079037,0.0010079471209255445
Meta,CMP-1301,2025-05-28,Free shipping | apparel edition,image,retargeting,421.48,100072,2780,218,0.02777999840115117,0.002178431529298905
Meta,CMP-1302,2025-05-30,Top rated: apparel bundle,carousel,retargeting,425.64,197406,4746,343,0.024041822437007993,0.0017375358398427606
Meta,CMP-1303,2025-06-16,Free shipping — gadgets inside,carousel,interests,951.3,348368,5873,277,0.016858609286731274,0.0007951361778349332
Meta,CMP-1304,2025-07-02,Student discount | gadgets edition,video,lookalike,767.3,361844,9169,565,0.02533964913056455,0.001561446369153558
Meta,CMP-1305,2025-08-16,Early access on subscriptions,text,lookalike,920.24,452662,10385,465,0.022942062731132723,0.0010272565401999727
Meta,CMP-1306,2025-05-25,Buy one get one on subscriptions,text,lookalike,1118.51,476312,6167,472,0.012947395824585565,0.000990947110297452
Meta,CMP-1307,2025-04-21,Top rated | subscriptions edition,image,lookalike,572.98,272916,5814,349,0.021303258145363407,0.001278781749695877
Google,CMP-1308,2025-07-15,Early access on skincare,video,lookalike,844.52,423228,12545,880,0.029641233566777246,0.002079257516043362
Google,CMP-1309,2025-04-11,Unlock premium on gadgets,video,broad,573.45,326007,7816,360,0.02397494532325993,0.0011042707671921155
Google,CMP-1310,2025-05-12,Price drop for courses lovers,text,lookalike,512.17,195505,3169,227,0.016209304109869312,0.001161095624152835
Google,CMP-1311,2025-03-08,Price drop for ebooks lovers,video,interests,86.51,48212,1085,38,0.022504770596531984,0.000788185513979922
Meta,CMP-1312,2025-02-26,New launch: courses bundle,carousel,lookalike,1069.01,482528,8643,549,0.01791191392002122,0.0011377578088732675
Google,CMP-1313,2025-08-14,Best choice on skincare,image,retargeting,1024.5,444459,9791,785,0.02202902854931501,0.0017661921572068515
Meta,CMP-1314,2025-07-22,Student discount on sneakers,text,retargeting,493.44,183936,2668,235,0.014505045233124566,0.0012776183020180932
Meta,CMP-1315,2025-06-27,Student discount: ebooks bundle,image,lookalike,1162.93,426160,5412,252,0.01269945560352919,0.0005913272010512483
Meta,CMP-1316,2025-05-06,Early access on gadgets,video,interests,199.13,69142,1349,62,0.019510572445112957,0.000896705331057823
Meta,CMP-1317,2025-03-25,Early access on skincare,video,interests,1044.36,386493,6463,237,0.01672216573133278,0.000613206448758451
Meta,CMP-1318,2025-03-22,Exclusive deal | headphones edition,carousel,retargeting,631.34,267754,5600,455,0.02091472022826923,0.0016993210185468751
Meta,CMP-1319,2025-04-08,Festive offer for skincare lovers,image,interests,115.53,35673,594,9,0.016651248843663275,0.00025229164914641325
Meta,CMP-1320,2025-05-31,Limited time | subscriptions edition,carousel,retargeting,410.96,209312,5476,399,0.02616190184987005,0.0019062452224430516
Google,CMP-1321,2025-06-30,Trending now: subscriptions bundle,text,lookalike,616.45,194215,4171,214,0.021476199057745282,0.0011018716371032104
Google,CMP-1322,2025-06-20,Unlock premium on sneakers,carousel,lookalike,572.09,180642,3889,235,0.021528769610611044,0.0013009156231662627
Meta,CMP-1323,2025-04-13,Save more on subscriptions,carousel,retargeting,791.46,211816,5140,346,0.024266344374362654,0.001633493220531027
Meta,CMP-1324,2025-08-12,Unlock premium | skincare edition,carousel,retargeting,263.06,79288,1527,159,0.019258904247805467,0.002005347593582888
Google,CMP-1325,2025-07-04,Best choice: ebooks bundle,text,lookalike,214.45,73518,1625,81,0.022103430452406213,0.001101770994858402
Google,CMP-1326,2025-06-01,Top rated on apparel,video,broad,823.68,273264,5216,230,0.019087768604719245,0.0008416769131682183
Google,CMP-1327,2025-06-12,Buy one get one — skincare inside,image,retargeting,224.86,88543,1761,163,0.019888641676925337,0.0018409134544797442
Meta,CMP-1328,2025-05-08,Price drop: courses bundle,image,retargeting,323.87,124112,3169,254,0.025533389196854453,0.002046538610287482
Meta,CMP-1329,2025-04-07,Buy one get one | headphones edition,image,interests,1199.49,325830,6125,354,0.01879814627259614,0.0010864561274284135
Google,CMP-1330,2025-04-27,Limited time — headphones inside,text,lookalike,441.47,254685,5614,277,0.022042915758682294,0.0010876180379684709
Google,CMP-1331,2025-07-08,New launch — headphones inside,video,broad,234.78,81887,1855,69,0.02265316839058703,0.0008426245924261482
Google,CMP-1332,2025-02-24,Price drop — sneakers inside,image,broad,749.57,214891,3692,150,0.01718080329097077,0.0006980283027209144
Meta,CMP-1333,2025-03-14,Best choice | apparel edition,video,retargeting,322.47,117344,3182,351,0.027116853013362422,0.0029912053449686394
Meta,CMP-1334,2025-03-02,Summer sale — skincare inside,text,interests,941.53,302686,4077,138,0.013469403936752939,0.00045591801404756084
Google,CMP-1335,2025-03-01,Buy one get one on gadgets,video,interests,830.27,348368,10291,494,0.029540600744040784,0.0014180406926009278
Google,CMP-1336,2025-07-25,Best choice for headphones lovers,carousel,interests,61.83,27774,636,10,0.022899114279542016,0.0003600489666594657
Google,CMP-1337,2025-06-28,Buy one get one for subscriptions lovers,text,lookalike,559.22,136928,2594,136,0.01894426267819584,0.0009932227155877542
Google,CMP-1338,2025-05-18,Limited time for gadgets lovers,image,interests,734.49,270049,3500,148,0.012960610852104619,0.0005480486874604239
Google,CMP-1339,2025-03-11,Top rated for sneakers lovers,image,broad,57.91,24899,478,13,0.019197558134864855,0.0005221093216595044
Google,CMP-1340,2025-05-21,Unlock premium on gadgets,text,interests,1079.9,362506,6921,175,0.019092097785967682,0.0004827506303343945
Google,CMP-1341,2025-05-18,Trending now for apparel lovers,carousel,retargeting,1005.59,317416,8032,655,0.02530433248481488,0.00206353806991456
Meta,CMP-1342,2025-03-25,Best choice — subscriptions inside,video,retargeting,735.49,220668,5298,469,0.024008918375115557,0.0021253648014211393
Google,CMP-1343,2025-05-11,Price drop — sneakers inside,video,interests,1083.14,500000,9844,300,0.019688,0.0006
Meta,CMP-1344,2025-05-04,Best choice — skincare inside,carousel,interests,713.39,206712,3832,138,0.018537869112581755,0.0006675954951817021
Meta,CMP-1345,2025-06-12,Unlock premium — gadgets inside,video,interests,807.53,288255,5179,199,0.017966730845952367,0.000690360965117691
Google,CMP-1346,2025-06-16,Best choice: headphones bundle,text,broad,991.55,351070,5806,194,0.016538012362206967,0.0005525963483066055
Google,CMP-1347,2025-03-02,Early access — gadgets inside,text,retargeting,756.07,251660,5973,391,0.023734403560359215,0.001553683541285862
Google,CMP-1348,2025-04-30,Summer sale on gadgets,text,lookalike,976.57,256812,4723,292,0.018390885161129543,0.0011370185193838294
Meta,CMP-1349,2025-06-14,Summer sale: gadgets bundle,text,broad,979.67,375894,5410,181,0.01439235529165137,0.00048151872602382586
Google,CMP-1350,2025-05-23,Trending now on subscriptions,text,retargeting,1123.81,438562,11684,797,0.0266416150966112,0.0018173029127010547
Google,CMP-1351,2025-07-26,Price drop: gadgets bundle,video,broad,696.52,256847,5713,238,0.02224281381522852,0.0009266216852834567
Google,CMP-1352,2025-06-20,Trending now | subscriptions edition,text,retargeting,811.04,276174,5328,468,0.019292185361402595,0.00169458384931239
Meta,CMP-1353,2025-03-23,Early access: apparel bundle,carousel,lookalike,343.64,148346,2899,125,0.019542151456729537,0.0008426246747468755
Meta,CMP-1354,2025-03-06,Price drop for apparel lovers,text,broad,504.55,178226,2466,45,0.013836365064580925,0.00025248841358724316
Meta,CMP-1355,2025-06-17,New launch for gadgets lovers,carousel,interests,891.21,322176,6575,265,0.020408099920540327,0.0008225317838696861
Google,CMP-1356,2025-02-26,Student discount for skincare lovers,carousel,interests,829.05,419809,7711,293,0.018367876820172983,0.0006979364425250531
Meta,CMP-1357,2025-06-07,Unlock premium: ebooks bundle,video,interests,485.9,274481,5671,260,0.020660810766501142,0.0009472422499189379
Meta,CMP-1358,2025-08-10,Price drop for ebooks lovers,carousel,interests,95.16,51100,903,40,0.01767123287671233,0.0007827788649706458
Meta,CMP-1359,2025-06-05,Price drop: skincare bundle,video,retargeting,79.64,30184,1016,93,0.03366021733368672,0.003081102570898489
Google,CMP-1360,2025-05-02,New launch | sneakers edition,image,broad,403.3,63587,1420,72,0.022331608662147923,0.0011323069180807397
Google,CMP-1361,2025-06-17,Buy one get one for sneakers lovers,video,broad,69.08,24343,673,40,0.027646551370003696,0.0016431828451710965
Meta,CMP-1362,2025-05-15,Price drop on ebooks,carousel,broad,1170.89,413989,6910,264,0.01669126474374923,0.0006376981030896957
Google,CMP-1363,2025-05-31,Limited time: subscriptions bundle,text,broad,720.74,225737,4054,143,0.01795895223202222,0.0006334805548049279
Meta,CMP-1364,2025-08-10,Exclusive deal on courses,image,interests,366.53,106512,2377,57,0.02231673426468379,0.0005351509689049121
Google,CMP-1365,2025-05-02,Early access — apparel inside,video,retargeting,976.5,397428,10413,840,0.026200972251577644,0.0021135903861831578
Meta,CMP-1366,2025-08-14,Save more: ebooks bundle,image,lookalike,146.05,66605,1114,26,0.016725471060731176,0.0003903610840027025
Google,CMP-1367,2025-08-03,Summer sale on sneakers,video,lookalike,235.57,78315,2304,145,0.029419651407776286,0.001851497158909532
Meta,CMP-1368,2025-03-29,Price drop on sneakers,text,interests,465.24,258470,3728,162,0.014423337331218323,0.0006267651951870623
Google,CMP-1369,2025-03-06,Best choice: apparel bundle,image,interests,348.8,98586,1602,28,0.01624977177286836,0.000284015986042643
Google,CMP-1370,2025-03-12,Free shipping — ebooks inside,image,retargeting,898.64,436854,10358,991,0.023710438727812953,0.0022684924482779143
Google,CMP-1371,2025-02-25,New launch — skincare inside,image,lookalike,382.86,176264,5014,218,0.02844596741251759,0.0012367811918485908
Google,CMP-1372,2025-03-10,Save more — courses inside,video,retargeting,1028.16,500000,15053,1415,0.030106,0.00283
Google,CMP-1373,2025-06-24,Trending now for headphones lovers,video,interests,168.27,55121,1398,70,0.025362384572123146,0.0012699334192050216
Google,CMP-1374,2025-03-06,Festive offer for headphones lovers,carousel,broad,933.87,397456,7053,188,0.017745360492733786,0.00047300833299786645
Google,CMP-1375,2025-04-20,Trending now — sneakers inside,carousel,interests,746.9,316606,5481,261,0.01731173761710138,0.0008243684579572086
Meta,CMP-1376,2025-07-24,Upgrade today | headphones edition,text,retargeting,65.73,24445,440,42,0.01799959091838822,0.0017181427694825118
Google,CMP-1377,2025-02-26,Student discount on gadgets,text,broad,813.4,131300,2067,82,0.015742574257425743,0.0006245239908606245
Google,CMP-1378,2025-07-18,Save more | skincare edition,carousel,retargeting,741.05,308687,7723,581,0.025018870247208336,0.0018821654297071144
Meta,CMP-1379,2025-04-13,Summer sale — sneakers inside,carousel,broad,1085.3,500000,10199,482,0.020398,0.000964
Meta,CMP-1380,2025-03-15,Festive offer on skincare,carousel,lookalike,362.75,164555,3088,219,0.018765762207164777,0.001330862021816414
Google,CMP-1381,2025-06-27,Best choice on courses,text,interests,204.76,50759,882,34,0.01737622884611596,0.000669831950984062
Google,CMP-1382,2025-06-15,Trending now on headphones,carousel,broad,868.96,211352,3259,125,0.01541977364775351,0.0005914304099322457
Meta,CMP-1383,2025-07-29,Summer sale: gadgets bundle,text,interests,486.98,321252,4148,196,0.012911981870929986,0.0006101129331490543
Google,CMP-1384,2025-07-04,Buy one get one — subscriptions inside,text,retargeting,253.43,90516,2277,205,0.025155773564894603,0.0022647929647797074
Meta,CMP-1385,2025-07-16,Summer sale | skincare edition,text,retargeting,823.38,402573,7180,636,0.0178352745961602,0.001579837694033132
Meta,CMP-1386,2025-04-13,Price drop — courses inside,text,lookalike,847.44,416078,8550,501,0.020549031671946126,0.0012041011541105272
Meta,CMP-1387,2025-03-25,Free shipping on ebooks,video,interests,377.22,220575,6755,259,0.030624504136914883,0.001174203785560467
Google,CMP-1388,2025-07-07,Save more: apparel bundle,carousel,broad,723.4,204868,4043,182,0.01973465841419841,0.0008883769061053947
Meta,CMP-1389,2025-07-17,Trending now: headphones bundle,carousel,interests,993.08,500000,9130,261,0.01826,0.000522
Google,CMP-1390,2025-08-19,Free shipping — ebooks inside,carousel,lookalike,1082.63,423369,12360,716,0.029194390708814296,0.0016911960960769446
Google,CMP-1391,2025-05-07,Student discount: ebooks bundle,text,lookalike,689.93,382746,7646,338,0.01997669472705136,0.0008830921812376877
Google,CMP-1392,2025-04-29,Early access — headphones inside,carousel,interests,857.42,403102,7204,83,0.017871407236878013,0.00020590322052482993
Google,CMP-1393,2025-07-11,Limited time for ebooks lovers,video,retargeting,1164.72,328632,9262,794,0.028183500085201686,0.002416076340709365
Meta,CMP-1394,2025-04-24,Best choice for ebooks lovers,carousel,broad,1197.41,225911,3199,106,0.01416044371456016,0.0004692113265843629
Meta,CMP-1395,2025-08-08,Buy one get one | headphones edition,video,lookalike,558.34,297704,7105,533,0.02386598769247306,0.0017903689570848897
Google,CMP-1396,2025-07-26,Save more: headphones bundle,text,interests,742.08,147149,3420,69,0.02324174816002827,0.00046891246287776334
Google,CMP-1397,2025-05-10,Festive offer — gadgets inside,carousel,broad,117.35,38457,1078,50,0.02803130769430793,0.001300153418103336
Google,CMP-1398,2025-07-07,Trending now on headphones,image,interests,671.32,249162,4217,92,0.016924731700660615,0.00036923768471917867
Google,CMP-1399,2025-07-07,Unlock premium | gadgets edition,image,lookalike,735.03,235483,5032,329,0.021368846158746065,0.0013971284551326424
Meta,CMP-1400,2025-03-12,Buy one get one on apparel,text,interests,1002.95,322041,6976,341,0.021661838088938987,0.0010588713859415416
Meta,CMP-1401,2025-08-03,Best choice on courses,image,lookalike,643.73,199994,4065,183,0.02032560976829305,0.0009150274508235247
Google,CMP-1402,2025-05-23,Trending now for ebooks lovers,carousel,lookalike,149.05,45744,1059,40,0.023150577124868836,0.0008744316194473592
Meta,CMP-1403,2025-07-20,Festive offer | ebooks edition,carousel,interests,1087.76,500000,8667,274,0.017334,0.000548
Meta,CMP-1404,2025-04-20,New launch on courses,image,lookalike,969.75,498203,10045,373,0.020162463895239492,0.00074869079471621
Meta,CMP-1405,2025-08-02,Unlock premium: skincare bundle,image,retargeting,769.5,431156,7291,580,0.016910352633385597,0.0013452207553646476
Google,CMP-1406,2025-05-03,Top rated | gadgets edition,carousel,interests,310.79,95311,2013,70,0.021120332385558854,0.000734437787873383
Google,CMP-1407,2025-02-23,Save more: sneakers bundle,video,interests,507.46,175166,2717,158,0.015511000993343457,0.0009020015299772787
Google,CMP-1408,2025-08-03,Save more for sneakers lovers,text,interests,121.35,45067,729,18,0.01617591585861051,0.0003994053298422349
Google,CMP-1409,2025-03-10,Festive offer — skincare inside,carousel,broad,162.71,59583,1554,75,0.026081264790292533,0.001258748300689794
Meta,CMP-1410,2025-04-20,Festive offer | subscriptions edition,video,interests,138.77,58307,1358,48,0.02329051400346442,0.000823228771845576
Meta,CMP-1411,2025-08-12,Festive offer — apparel inside,text,interests,138.27,36607,549,17,0.014997131696123692,0.00046439205616412163
Meta,CMP-1412,2025-08-12,Summer sale — skincare inside,video,lookalike,435.68,192512,5107,234,0.02652821642287234,0.0012155086436170214
Google,CMP-1413,2025-06-05,Festive offer — skincare inside,video,lookalike,967.14,332103,9416,737,0.02835264962978353,0.0022191910341068885
Google,CMP-1414,2025-06-15,Buy one get one | headphones edition,text,interests,452.43,183344,3543,113,0.019324330220787153,0.0006163277772929575
Google,CMP-1415,2025-05-13,Exclusive deal — ebooks inside,text,retargeting,890.5,184162,5203,296,0.028252299605781867,0.0016072805464753858
Google,CMP-1416,2025-04-15,Top rated — sneakers inside,video,lookalike,528.19,94543,2551,175,0.026982431274658093,0.0018510095935182934
Google,CMP-1417,2025-04-22,Free shipping: headphones bundle,text,retargeting,232.55,66380,1577,130,0.023757155769810183,0.001958421211208195
Meta,CMP-1418,2025-06-23,Best choice | ebooks edition,text,interests,732.85,201476,3191,56,0.015838114713414998,0.0002779487383112629
Google,CMP-1419,2025-07-07,Unlock premium on subscriptions,image,broad,458.06,178864,3177,144,0.017762098577690313,0.0008050809553627337
Meta,CMP-1420,2025-07-14,Exclusive deal: ebooks bundle,video,lookalike,895.28,359740,11249,903,0.03126980597097904,0.0025101462167120697
Meta,CMP-1421,2025-07-14,Early access: apparel bundle,image,broad,57.43,14142,152,5,0.01074812614905954,0.00035355678121906376
Google,CMP-1422,2025-03-10,Best choice for courses lovers,text,retargeting,1132.7,396239,6688,383,0.01687870199551281,0.0009665883469320283
Meta,CMP-1423,2025-05-21,Early access on apparel,image,interests,275.74,139654,2974,95,0.021295487418906727,0.0006802526243430191
Meta,CMP-1424,2025-03-04,Free shipping: apparel bundle,image,retargeting,1100.0,292785,7600,632,0.02595761394880202,0.002158580528374063
Meta,CMP-1425,2025-05-31,Free shipping on gadgets,video,retargeting,540.47,170453,4564,487,0.02677570943309886,0.0028570925709726436
Meta,CMP-1426,2025-05-12,Trending now — subscriptions inside,carousel,retargeting,375.78,191970,3911,410,0.020372974944001667,0.0021357503776631764
Meta,CMP-1427,2025-07-31,Best choice — sneakers inside,image,retargeting,226.85,101833,2115,180,0.020769298753842074,0.0017675998939440064
Google,CMP-1428,2025-04-26,Buy one get one for apparel lovers,video,retargeting,106.6,46223,1388,165,0.03002834086926422,0.003569651472210804
Meta,CMP-1429,2025-03-15,Early access | headphones edition,text,retargeting,924.01,360425,6396,403,0.017745716862037873,0.0011181244364292155
Meta,CMP-1430,2025-03-19,Save more — subscriptions inside,image,broad,398.89,182513,3408,61,0.018672642496698866,0.0003342227676932602
Meta,CMP-1431,2025-07-09,Limited time | courses edition,text,lookalike,630.12,228289,3882,125,0.017004761508438864,0.0005475515684067125
Meta,CMP-1432,2025-06-13,Free shipping for headphones lovers,image,interests,359.54,161128,2936,116,0.018221538156000198,0.0007199245320490542
Meta,CMP-1433,2025-03-12,Student discount: apparel bundle,carousel,lookalike,335.82,124992,2775,139,0.02220142089093702,0.0011120711725550435
Google,CMP-1434,2025-03-09,New launch on sneakers,text,lookalike,843.87,315137,6479,329,0.020559312299095314,0.0010439903914805308
Meta,CMP-1435,2025-06-28,Exclusive deal | ebooks edition,image,broad,972.76,500000,8331,266,0.016662,0.000532
Google,CMP-1436,2025-03-07,Buy one get one for subscriptions lovers,text,retargeting,201.44,91182,2540,221,0.027856375161764382,0.002423723980610208
Meta,CMP-1437,2025-07-19,Early access — courses inside,image,lookalike,596.8,236992,4287,278,0.018089218201458278,0.0011730353767215771
Google,CMP-1438,2025-06-29,Student discount | gadgets edition,image,interests,878.44,500000,9851,324,0.019702,0.000648
Google,CMP-1439,2025-03-08,Free shipping on ebooks,image,broad,821.66,357875,6510,343,0.018190709046454766,0.0009584352078239608
Google,CMP-1440,2025-03-09,Limited time — sneakers inside,video,interests,1069.34,500000,15207,567,0.030414,0.001134
Google,CMP-1441,2025-08-18,Price drop for courses lovers,text,retargeting,210.14,81468,1989,158,0.02441449403446752,0.0019394117935876663
Meta,CMP-1442,2025-04-30,Festive offer — apparel inside,image,broad,648.63,317006,5581,163,0.017605345009242726,0.0005141858513718983
Meta,CMP-1443,2025-04-29,Buy one get one on skincare,video,interests,952.82,398820,10477,543,0.02626999648964445,0.0013615164735971115
Google,CMP-1444,2025-07-18,Upgrade today for gadgets lovers,video,interests,914.93,181294,4401,223,0.02427548622679184,0.0012300462232616633
Meta,CMP-1445,2025-08-11,Summer sale for courses lovers,text,retargeting,284.88,107712,1778,138,0.016506981580510994,0.0012811942959001783
Google,CMP-1446,2025-08-18,Best choice for apparel lovers,text,lookalike,127.75,49688,948,25,0.019079053292545483,0.0005031395910481404
Google,CMP-1447,2025-07-07,Unlock premium on subscriptions,carousel,broad,764.53,287511,4532,181,0.01576287515955911,0.0006295411306002205
Meta,CMP-1448,2025-04-30,Save more on subscriptions,video,retargeting,268.36,112322,2775,299,0.024705756663877067,0.002661989636936664
Google,CMP-1449,2025-03-09,Festive offer | gadgets edition,text,interests,1045.94,319549,6597,193,0.020644721153876243,0.0006039762289977437
Google,CMP-1450,2025-07-11,Trending now | skincare edition,image,lookalike,669.15,258263,4795,180,0.018566345159778987,0.0006969639476037992
Meta,CMP-1451,2025-06-02,Price drop on courses,carousel,retargeting,1001.65,340139,7348,591,0.021602932918600926,0.0017375249530339066
Google,CMP-1452,2025-05-09,Free shipping on sneakers,image,lookalike,530.0,234684,5472,280,0.023316459579690137,0.0011930936919432088
Meta,CMP-1453,2025-08-04,Best choice on headphones,carousel,interests,950.64,272639,5180,105,0.018999482832610156,0.000385124652012368
Google,CMP-1454,2025-03-14,Student discount: courses bundle,carousel,broad,994.44,285975,5021,179,0.017557478800594457,0.0006259288399335606
Google,CMP-1455,2025-05-21,Save more — courses inside,video,lookalike,638.55,269490,6755,425,0.02506586515269583,0.0015770529518720547
Meta,CMP-1456,2025-02-24,Unlock premium | courses edition,video,broad,676.24,326266,5336,280,0.01635475348335407,0.0008581954601460159
Google,CMP-1457,2025-05-17,Student discount on skincare,text,broad,150.56,54422,598,12,0.010988203300135974,0.00022049906287898276
Google,CMP-1458,2025-03-04,Exclusive deal — ebooks inside,video,broad,1146.68,414775,9353,381,0.02254957507082153,0.0009185703092037851
Meta,CMP-1459,2025-03-15,Buy one get one on subscriptions,video,lookalike,941.52,432109,12596,785,0.029150052417329885,0.001816671256557952
Google,CMP-1460,2025-03-15,Early access — courses inside,carousel,interests,979.51,334769,6629,171,0.019801714017725656,0.000510799984466901
Google,CMP-1461,2025-06-18,Upgrade today | sneakers edition,text,interests,489.44,158686,2725,83,0.017172277327552526,0.0005230455112612329
Google,CMP-1462,2025-07-06,Early access: courses bundle,carousel,retargeting,589.4,184352,4865,449,0.026389732685297693,0.002435558062836313
Google,CMP-1463,2025-06-07,New launch for sneakers lovers,video,broad,413.52,119624,2735,93,0.02286330502240353,0.0007774359660268843
Google,CMP-1464,2025-08-14,Save more for skincare lovers,text,lookalike,392.67,141112,2645,158,0.018743976415896594,0.0011196779862804014
Google,CMP-1465,2025-04-30,Trending now | gadgets edition,text,retargeting,664.74,338236,6580,478,0.01945387244409229,0.0014132144419872516
Meta,CMP-1466,2025-04-14,Upgrade today: courses bundle,carousel,broad,898.62,433697,7653,158,0.017645960198018434,0.00036430964475198124
Google,CMP-1467,2025-07-28,New launch on headphones,video,retargeting,1155.78,439626,11667,713,0.026538466787678617,0.0016218331035925992
Meta,CMP-1468,2025-04-03,Trending now: courses bundle,carousel,lookalike,983.58,306882,4087,258,0.013317822485515605,0.0008407140203726514
Meta,CMP-1469,2025-08-14,Free shipping: subscriptions bundle,image,lookalike,512.16,218699,4309,368,0.019702879299859623,0.001682678018646633
Meta,CMP-1470,2025-02-24,Upgrade today for ebooks lovers,video,interests,911.77,253343,5682,166,0.02242809155966417,0.0006552381553861761
Google,CMP-1471,2025-08-15,Best choice for sneakers lovers,video,broad,1150.71,449715,8336,114,0.018536184027661964,0.0002534938794569894
Meta,CMP-1472,2025-03-01,Limited time — headphones inside,image,lookalike,563.74,205421,4101,264,0.0199638790581294,0.0012851655867705833
Google,CMP-1473,2025-08-01,Best choice on ebooks,video,retargeting,887.33,395969,12595,1272,0.03180804557932566,0.0032123726857405505
Google,CMP-1474,2025-05-27,New launch: gadgets bundle,carousel,broad,1082.01,355494,6050,190,0.017018571340163265,0.0005344675296910777
Meta,CMP-1475,2025-08-19,Summer sale: courses bundle,carousel,interests,1050.1,164808,3477,106,0.021097276831221784,0.0006431726615212854
Google,CMP-1476,2025-03-07,New launch for headphones lovers,text,broad,293.51,103208,1620,46,0.01569645763894272,0.0004457018835749167
Google,CMP-1477,2025-06-01,Trending now — headphones inside,carousel,lookalike,1119.69,500000,7841,441,0.015682,0.000882
Meta,CMP-1478,2025-08-15,Unlock premium for courses lovers,text,lookalike,662.34,388455,7690,396,0.01979637281023542,0.0010194230992006796
Google,CMP-1479,2025-05-27,Festive offer | skincare edition,image,retargeting,270.83,99612,2959,295,0.02970525639481187,0.0029614905834638395
Meta,CMP-1480,2025-06-15,Festive offer for apparel lovers,carousel,interests,647.21,287317,5587,315,0.019445420911397514,0.0010963500245373577
Meta,CMP-1481,2025-06-27,Early access on courses,carousel,interests,691.9,217585,4559,141,0.02095273111657513,0.0006480226118528392
Google,CMP-1482,2025-05-14,Free shipping for apparel lovers,carousel,broad,436.77,221837,5205,255,0.023463173411108155,0.001149492645500976
Google,CMP-1483,2025-06-14,Save more — sneakers inside,video,lookalike,606.02,271050,6176,368,0.022785463936543075,0.0013576830843017894
Meta,CMP-1484,2025-06-07,Save more: ebooks bundle,video,broad,630.65,204402,4311,182,0.021090791675228225,0.0008904022465533605
Google,CMP-1485,2025-08-03,Festive offer on skincare,image,interests,534.97,164705,3619,93,0.02197261771045202,0.0005646458820315109
Google,CMP-1486,2025-03-02,Buy one get one | gadgets edition,image,retargeting,172.62,50007,1295,140,0.02589637450756894,0.002799608054872318
Meta,CMP-1487,2025-04-13,Summer sale on sneakers,image,lookalike,921.44,232127,4184,158,0.018024615835297058,0.0006806618790575849
Google,CMP-1488,2025-08-12,Summer sale on apparel,text,retargeting,751.92,161339,3884,343,0.02407353460725553,0.002125958385759178
Google,CMP-1489,2025-08-01,Exclusive deal | headphones edition,text,broad,1158.24,500000,10429,134,0.020858,0.000268
Meta,CMP-1490,2025-05-15,Best choice — skincare inside,image,interests,931.3,450557,7333,157,0.01627541021446787,0.00034845757584500963
Google,CMP-1491,2025-06-13,Early access for ebooks lovers,video,lookalike,1095.15,472942,13196,922,0.027901941464281033,0.0019494990929120272
Google,CMP-1492,2025-04-12,Price drop: headphones bundle,video,lookalike,96.38,35052,659,35,0.018800639050553465,0.0009985164897866028
Meta,CMP-1493,2025-03-27,Early access for headphones lovers,image,broad,539.33,194267,2947,83,0.01516984356581406,0.0004272470362954079
Meta,CMP-1494,2025-05-16,Limited time — headphones inside,video,retargeting,1100.21,500000,13231,1104,0.026462,0.002208
Meta,CMP-1495,2025-04-26,Trending now — headphones inside,text,lookalike,432.0,228311,4456,248,0.019517237452422353,0.0010862376320019621
Google,CMP-1496,2025-06-07,Unlock premium — sneakers inside,image,lookalike,375.18,180685,4031,187,0.022309544234441155,0.0010349503279187535
Google,CMP-1497,2025-03-07,Unlock premium on skincare,text,lookalike,502.82,191506,2910,201,0.015195346359905172,0.0010495754702202543
Google,CMP-1498,2025-08-16,New launch: gadgets bundle,video,lookalike,595.45,211099,4793,320,0.022704986759766746,0.0015158764371219192
Meta,CMP-1499,2025-08-18,Exclusive deal: gadgets bundle,carousel,retargeting,814.45,334121,9729,724,0.029118193708267365,0.002166879663355491
Meta,CMP-1500,2025-06-27,Upgrade today: skincare bundle,carousel,broad,810.54,307353,5043,209,0.016407843749694975,0.0006799998698564842
Google,CMP-1501,2025-05-29,Exclusive deal on ebooks,text,lookalike,967.48,348661,6879,391,0.019729766162547575,0.0011214331399267484
Google,CMP-1502,2025-04-18,Unlock premium: sneakers bundle,image,retargeting,602.64,221620,4554,417,0.020548686941611768,0.0018815991336521975
Meta,CMP-1503,2025-07-18,Free shipping — skincare inside,image,lookalike,1167.62,401021,6542,409,0.016313360148221663,0.0010198967136384378
Google,CMP-1504,2025-06-25,Limited time: skincare bundle,carousel,broad,198.43,89050,1714,68,0.019247613700168444,0.000763615946097698
Google,CMP-1505,2025-03-23,Summer sale | apparel edition,image,lookalike,1186.34,323915,6059,298,0.01870552459750243,0.000919994442986586
Google,CMP-1506,2025-08-04,Trending now for skincare lovers,carousel,lookalike,878.53,249351,4803,244,0.019262004162806646,0.000978540290594383
Meta,CMP-1507,2025-07-20,Exclusive deal for apparel lovers,text,lookalike,542.6,230631,4072,233,0.017655909222957886,0.001010271819486539
Google,CMP-1508,2025-08-11,Student discount for skincare lovers,text,lookalike,1078.02,494549,6618,352,0.0133818893577785,0.0007117596031940212
Google,CMP-1509,2025-07-02,Exclusive deal: apparel bundle,text,broad,515.71,135054,1953,51,0.01446088231374117,0.000377626727086943
Google,CMP-1510,2025-06-12,Buy one get one on apparel,image,interests,413.93,139465,2798,148,0.020062381242605672,0.001061198150073495
Google,CMP-1511,2025-05-08,Exclusive deal — courses inside,carousel,lookalike,1154.86,222494,4887,279,0.02196463724864491,0.0012539663990939081
Meta,CMP-1512,2025-08-08,Free shipping on gadgets,image,lookalike,516.49,201151,5223,402,0.02596556815526644,0.00199849864032493
Meta,CMP-1513,2025-07-27,Limited time | sneakers edition,carousel,broad,753.04,324500,7389,216,0.022770416024653312,0.0006656394453004623
Meta,CMP-1514,2025-03-02,Best choice | ebooks edition,text,retargeting,949.05,500000,9470,691,0.01894,0.001382
Meta,CMP-1515,2025-02-26,Price drop for gadgets lovers,text,broad,349.98,160333,1024,43,0.006386707664672899,0.00026819182576263154
Meta,CMP-1516,2025-04-30,Student discount — sneakers inside,image,broad,576.59,280954,3887,173,0.013835005018615147,0.0006157591634217702
Meta,CMP-1517,2025-07-17,Trending now | skincare edition,image,broad,419.15,151545,3117,102,0.02056814807482926,0.0006730674057210729
Google,CMP-1518,2025-08-18,Trending now on ebooks,image,broad,494.23,117492,1645,42,0.014000953256391925,0.0003574711469717087
Meta,CMP-1519,2025-03-21,Exclusive deal on sneakers,video,interests,735.56,239860,4910,241,0.02047027432669057,0.0010047527724505961
Meta,CMP-1520,2025-06-08,Best choice — subscriptions inside,video,retargeting,300.23,168041,3505,278,0.020858004891663343,0.0016543581625912723
Meta,CMP-1521,2025-05-01,New launch: headphones bundle,video,broad,859.64,296407,5483,175,0.018498213604941853,0.0005904044101522569
Meta,CMP-1522,2025-08-15,Upgrade today | sneakers edition,video,broad,327.91,134059,2479,124,0.01849185806249487,0.000924965873234919
Google,CMP-1523,2025-07-23,Free shipping on courses,carousel,interests,840.32,331513,7733,344,0.023326385390618164,0.0010376666978368873
Google,CMP-1524,2025-07-22,Summer sale on ebooks,video,lookalike,847.38,274337,8045,619,0.029325245956615405,0.0022563489430882456
Meta,CMP-1525,2025-05-17,Price drop on subscriptions,text,interests,308.94,108383,2258,104,0.020833525552900363,0.0009595600786101141
Meta,CMP-1526,2025-05-07,Save more for apparel lovers,video,lookalike,433.84,230445,5568,292,0.024161947536288485,0.001267113627980646
Meta,CMP-1527,2025-04-12,Top rated — ebooks inside,image,lookalike,406.77,159723,2903,118,0.018175215842427202,0.0007387790111630761
Google,CMP-1528,2025-03-04,Buy one get one on courses,carousel,broad,1116.91,442719,10331,555,0.023335343637837996,0.001253616854031564
Meta,CMP-1529,2025-07-27,New launch: headphones bundle,text,retargeting,1009.47,460642,12031,1042,0.026117896327299724,0.0022620603418706934
Meta,CMP-1530,2025-07-18,Price drop on subscriptions,text,retargeting,143.66,31624,644,61,0.020364280293448014,0.0019289147482924362
Meta,CMP-1531,2025-08-20,Festive offer for ebooks lovers,image,retargeting,217.34,98451,2439,229,0.02477374531492824,0.0023260302079206917
Google,CMP-1532,2025-08-20,Buy one get one | sneakers edition,video,retargeting,136.57,46331,1354,133,0.029224493319807473,0.0028706481621376618
Google,CMP-1533,2025-06-01,Buy one get one — subscriptions inside,text,retargeting,366.36,151188,3006,300,0.019882530359552345,0.0019842844670211923
Google,CMP-1534,2025-07-10,Save more — apparel inside,image,interests,884.13,357062,8611,238,0.02411625992124617,0.0006665509071253732
Meta,CMP-1535,2025-08-11,Festive offer for headphones lovers,image,interests,1000.35,472736,8854,419,0.01872926961348406,0.0008863297908346308
Google,CMP-1536,2025-07-24,Festive offer: subscriptions bundle,image,broad,787.25,301978,4151,108,0.013746034479332932,0.00035764194742663374
Meta,CMP-1537,2025-04-07,Save more: ebooks bundle,text,lookalike,811.57,140978,2076,112,0.014725701882563237,0.0007944501979032189
Meta,CMP-1538,2025-05-14,Early access for headphones lovers,image,retargeting,737.33,159511,2462,179,0.015434672216963093,0.0011221796615907367
Meta,CMP-1539,2025-03-17,Trending now on gadgets,image,interests,1058.69,484717,8723,102,0.017996067808638855,0.00021043206654604646
Meta,CMP-1540,2025-08-12,Limited time — apparel inside,carousel,lookalike,924.04,185885,3746,227,0.020152244667401887,0.0012211851413508352
Meta,CMP-1541,2025-06-11,Festive offer for gadgets lovers,carousel,interests,261.89,140354,2990,78,0.02130327600210895,0.0005557376348376249
Meta,CMP-1542,2025-04-04,Early access: headphones bundle,text,lookalike,992.42,275080,3781,225,0.013745092336774756,0.0008179438708739276
Google,CMP-1543,2025-06-22,Free shipping | headphones edition,video,interests,286.76,167736,4023,164,0.023984117899556446,0.0009777269041827633
Meta,CMP-1544,2025-06-13,Summer sale: subscriptions bundle,image,retargeting,171.5,72289,1982,160,0.027417726071739822,0.0022133381288992793
Meta,CMP-1545,2025-04-27,Exclusive deal for gadgets lovers,video,broad,1028.48,499081,11701,289,0.023445092079241645,0.0005790643202205654
Google,CMP-1546,2025-03-14,Top rated — sneakers inside,video,broad,241.48,76183,1711,76,0.022459078797106968,0.000997597889292887
Google,CMP-1547,2025-06-22,Top rated on headphones,carousel,lookalike,218.61,67329,1131,71,0.016798110769504968,0.0010545233109061473
Google,CMP-1548,2025-05-26,Price drop for ebooks lovers,video,lookalike,516.29,157015,3507,224,0.02233544565805815,0.001426615291532656
Meta,CMP-1549,2025-07-11,Exclusive deal on subscriptions,carousel,lookalike,805.05,343749,7206,445,0.020962970074094762,0.0012945492205068234
Meta,CMP-1550,2025-05-26,New launch: skincare bundle,image,interests,215.45,80288,1236,45,0.015394579513750499,0.0005604822638501395
Google,CMP-1551,2025-07-25,Free shipping | subscriptions edition,video,retargeting,241.88,75035,2634,240,0.03510361831145466,0.0031985073632304923
Google,CMP-1552,2025-06-01,Buy one get one: skincare bundle,image,interests,573.9,215282,5380,263,0.02499047760611663,0.0012216534591837683
Google,CMP-1553,2025-06-02,Student discount | subscriptions edition,video,lookalike,1096.73,368765,10564,475,0.028646970292733855,0.0012880831966157308
Meta,CMP-1554,2025-07-29,Early access | gadgets edition,carousel,interests,1126.6,480039,10260,409,0.021373263422346935,0.0008520141071871244
Meta,CMP-1555,2025-05-05,Limited time: apparel bundle,text,broad,345.73,127045,2519,38,0.019827620134597976,0.00029910661576606714
Meta,CMP-1556,2025-03-18,Price drop — courses inside,carousel,broad,515.98,156139,2813,116,0.018015998565380848,0.0007429277758919937
Meta,CMP-1557,2025-02-27,Early access for subscriptions lovers,carousel,lookalike,1160.27,387950,7852,543,0.020239721613610002,0.001399664905271298
Google,CMP-1558,2025-07-07,Save more for apparel lovers,video,broad,238.29,81104,1713,52,0.021121029788913,0.0006411521010061156
Google,CMP-1559,2025-06-13,Early access | headphones edition,text,lookalike,774.14,263255,4339,214,0.01648211809842168,0.0008129000398852823
Meta,CMP-1560,2025-06-28,Trending now: gadgets bundle,image,retargeting,115.12,47247,902,70,0.01909115922704087,0.0014815755497703557
Meta,CMP-1561,2025-04-01,Exclusive deal — skincare inside,carousel,lookalike,782.9,396404,8036,387,0.020272247505070586,0.0009762767277827671
Google,CMP-1562,2025-03-18,Early access — skincare inside,text,retargeting,546.88,217636,5806,579,0.02667757172526604,0.0026604054476281496
Google,CMP-1563,2025-02-24,Unlock premium | subscriptions edition,video,lookalike,157.59,83706,1884,113,0.022507347143573938,0.0013499629656177573
Meta,CMP-1564,2025-04-26,Student discount on ebooks,carousel,lookalike,1153.71,500000,8767,493,0.017534,0.000986
Meta,CMP-1565,2025-06-08,Price drop: gadgets bundle,image,broad,58.58,21077,458,9,0.021729847701285762,0.0004270057408549604
Google,CMP-1566,2025-05-03,Best choice for sneakers lovers,text,lookalike,985.11,234413,4467,197,0.019056110369305455,0.0008403970769539232
Google,CMP-1567,2025-05-11,Best choice for ebooks lovers,video,lookalike,819.66,426285,9289,271,0.02179058611023142,0.0006357249258125432
Meta,CMP-1568,2025-08-03,Price drop for apparel lovers,video,broad,602.21,438201,8399,310,0.019167003270188793,0.0007074379109130285
Meta,CMP-1569,2025-04-25,Top rated for subscriptions lovers,image,broad,332.69,215324,3184,104,0.014787018632386543,0.00048299307090709815
Google,CMP-1570,2025-05-25,Summer sale: skincare bundle,video,interests,198.79,63620,1608,53,0.025275070732474064,0.0008330713612071676
Meta,CMP-1571,2025-07-13,Best choice | ebooks edition,text,interests,1115.57,500000,6641,346,0.013282,0.000692
Google,CMP-1572,2025-05-04,Upgrade today — sneakers inside,image,retargeting,378.21,104717,2642,258,0.025229905363981016,0.002463783339858858
Google,CMP-1573,2025-06-13,Unlock premium — gadgets inside,image,broad,430.55,183359,4019,95,0.02191874955688022,0.0005181092828822147
Meta,CMP-1574,2025-07-27,Save more for subscriptions lovers,video,broad,522.8,153349,2498,84,0.016289639971568123,0.0005477701191400009
Google,CMP-1575,2025-08-11,Student discount: ebooks bundle,image,lookalike,758.73,291637,5950,259,0.020402075182504278,0.0008880903314737156
Meta,CMP-1576,2025-03-20,Trending now — ebooks inside,text,retargeting,517.43,197140,4548,367,0.023069899563761792,0.0018616211829156945
Google,CMP-1577,2025-08-07,Limited time for gadgets lovers,video,interests,1027.65,467339,12244,493,0.026199397011591158,0.0010549087493232964
Google,CMP-1578,2025-05-21,Exclusive deal — courses inside,video,broad,791.92,319747,7039,155,0.02201428004015675,0.00048475826200089446
Google,CMP-1579,2025-04-09,New launch on sneakers,text,lookalike,837.1,460498,11290,601,0.024516936012751414,0.0013051088169764038
Google,CMP-1580,2025-05-15,Best choice | ebooks edition,image,broad,1053.25,276408,4824,145,0.017452461578536076,0.0005245868426384185
Google,CMP-1581,2025-08-17,Buy one get one on gadgets,carousel,interests,990.5,298537,6991,365,0.023417532835125963,0.001222629020858386
Meta,CMP-1582,2025-05-21,Early access | skincare edition,text,broad,678.18,253571,3053,100,0.012040020349330167,0.0003943668637186429
Google,CMP-1583,2025-04-22,Festive offer | courses edition,image,lookalike,166.34,54339,978,59,0.017998122895158175,0.0010857763300760044
Google,CMP-1584,2025-06-16,Free shipping | apparel edition,video,lookalike,870.71,371024,11468,822,0.030909051705550045,0.002215490103066109
Meta,CMP-1585,2025-04-06,Price drop | gadgets edition,video,broad,632.06,214644,4971,213,0.023159277687706155,0.0009923408061720802
Meta,CMP-1586,2025-03-07,Limited time on courses,video,broad,592.69,331866,7231,301,0.02178891480296264,0.0009069925813430722
Meta,CMP-1587,2025-03-17,Summer sale — courses inside,video,broad,963.05,197475,2996,140,0.015171540701354602,0.0007089505000632991
Google,CMP-1588,2025-03-17,Early access on ebooks,text,lookalike,244.19,46329,833,63,0.01798009885816659,0.0013598394094411707
Google,CMP-1589,2025-03-21,Student discount — apparel inside,video,broad,1160.35,500000,8380,267,0.01676,0.000534
Meta,CMP-1590,2025-03-18,New launch for sneakers lovers,image,broad,865.69,332813,5238,155,0.015738567904498922,0.0004657269998467608
Google,CMP-1591,2025-06-17,Top rated on subscriptions,carousel,lookalike,881.09,350087,8009,443,0.022877170531896356,0.0012653997434923319
Meta,CMP-1592,2025-03-26,Festive offer | headphones edition,carousel,retargeting,275.38,125661,3119,267,0.024820747885183153,0.0021247642466636425
Meta,CMP-1593,2025-04-25,Price drop for headphones lovers,carousel,interests,180.69,93056,2061,84,0.022147953920220082,0.0009026822558459422
Google,CMP-1594,2025-08-02,Exclusive deal | courses edition,video,broad,482.37,204900,5711,186,0.027872132747681796,0.0009077598828696926
Meta,CMP-1595,2025-05-18,Save more: apparel bundle,text,retargeting,972.1,295533,4028,296,0.013629611583139616,0.0010015801957818586
Google,CMP-1596,2025-06-22,Price drop | courses edition,video,interests,639.1,405062,9980,340,0.024638203534273765,0.0008393776755163407
Meta,CMP-1597,2025-03-25,Early access on apparel,image,broad,396.35,170635,2448,40,0.014346411931901427,0.00023441849561930435
Google,CMP-1598,2025-03-28,Best choice | gadgets edition,carousel,broad,110.75,34544,646,18,0.018700787401574805,0.0005210745715609078
Meta,CMP-1599,2025-03-01,New launch for sneakers lovers,text,retargeting,732.52,250444,4936,365,0.01970899682164476,0.0014574116369328073
